{
  "variation": "ScanFrequency='26000000000Hz' ScanAngleTheta='0deg' ScanAnglePhi='0deg' ScanMag1='1V' ScanPhase1='0deg' ScanPhaseShiftA='-((ScanFrequency*-1.15271476207e-10*sin(ScanAngleTheta)*cos(ScanAnglePhi)) + (ScanFrequency*0.0*sin(ScanAngleTheta)*sin(ScanAnglePhi))) rad' ScanPhaseShiftB='-((ScanFrequency*0.0*sin(ScanAngleTheta)*cos(ScanAnglePhi)) + (ScanFrequency*-8.38338008781e-11*sin(ScanAngleTheta)*sin(ScanAnglePhi))) rad'",
  "element_pattern": {
    "A[1,1]Rect_UnitCell1_1_Patch_T1": {
      "file_name": "exportfield_0.ffd",
      "location": [
        "0.004750",
        "0.003150",
        "-0.000367"
      ],
      "incident_power": {
        "21000000000.0": 0.01,
        "23500000000.0": 0.01,
        "26000000000.0": 0.01,
        "28500000000.0": 0.01,
        "31000000000.0": 0.01
      },
      "radiated_power": {
        "21000000000.0": 0.000611,
        "23500000000.0": 0.002665,
        "26000000000.0": 0.005616,
        "28500000000.0": 0.005016,
        "31000000000.0": 0.004513
      },
      "accepted_power": {
        "21000000000.0": 0.001877,
        "23500000000.0": 0.005228,
        "26000000000.0": 0.009258,
        "28500000000.0": 0.008736,
        "31000000000.0": 0.008107
      }
    },
    "A[1,2]Rect_UnitCell1_1_Patch_T1": {
      "file_name": "exportfield_1.ffd",
      "location": [
        "0.004750",
        "-0.000850",
        "-0.000367"
      ],
      "incident_power": {
        "21000000000.0": 0.01,
        "23500000000.0": 0.01,
        "26000000000.0": 0.01,
        "28500000000.0": 0.01,
        "31000000000.0": 0.01
      },
      "radiated_power": {
        "21000000000.0": 0.000696,
        "23500000000.0": 0.00307,
        "26000000000.0": 0.005359,
        "28500000000.0": 0.005323,
        "31000000000.0": 0.004582
      },
      "accepted_power": {
        "21000000000.0": 0.002233,
        "23500000000.0": 0.006146,
        "26000000000.0": 0.009089,
        "28500000000.0": 0.008881,
        "31000000000.0": 0.008507
      }
    },
    "A[2,1]Rect_UnitCell1_1_Patch_T1": {
      "file_name": "exportfield_2.ffd",
      "location": [
        "-0.000750",
        "0.003150",
        "-0.000367"
      ],
      "incident_power": {
        "21000000000.0": 0.01,
        "23500000000.0": 0.01,
        "26000000000.0": 0.01,
        "28500000000.0": 0.01,
        "31000000000.0": 0.01
      },
      "radiated_power": {
        "21000000000.0": 0.000678,
        "23500000000.0": 0.002678,
        "26000000000.0": 0.005648,
        "28500000000.0": 0.005327,
        "31000000000.0": 0.00456
      },
      "accepted_power": {
        "21000000000.0": 0.00245,
        "23500000000.0": 0.005864,
        "26000000000.0": 0.009447,
        "28500000000.0": 0.008296,
        "31000000000.0": 0.008654
      }
    },
    "A[2,2]Rect_UnitCell1_1_Patch_T1": {
      "file_name": "exportfield_3.ffd",
      "location": [
        "-0.000750",
        "-0.000850",
        "-0.000366"
      ],
      "incident_power": {
        "21000000000.0": 0.01,
        "23500000000.0": 0.01,
        "26000000000.0": 0.01,
        "28500000000.0": 0.01,
        "31000000000.0": 0.01
      },
      "radiated_power": {
        "21000000000.0": 0.000685,
        "23500000000.0": 0.002551,
        "26000000000.0": 0.005383,
        "28500000000.0": 0.004944,
        "31000000000.0": 0.003614
      },
      "accepted_power": {
        "21000000000.0": 0.002831,
        "23500000000.0": 0.00643,
        "26000000000.0": 0.009406,
        "28500000000.0": 0.008572,
        "31000000000.0": 0.008816
      }
    }
  },
  "touchstone_file": "Sweep_DV231.s4p",
  "model_info": {
    "Substrate": [
      "geometry\\Substrate.obj",
      [
        0,
        64,
        0
      ],
      0.19999999999999996,
      "mm"
    ],
    "Patch": [
      "geometry\\Patch.obj",
      [
        255,
        128,
        0
      ],
      1.0,
      "mm"
    ],
    "Fill": [
      "geometry\\Fill.obj",
      [
        132,
        132,
        193
      ],
      0.19999999999999996,
      "mm"
    ],
    "Coating": [
      "geometry\\Coating.obj",
      [
        128,
        128,
        192
      ],
      0.19999999999999996,
      "mm"
    ],
    "Port": [
      "geometry\\Port.obj",
      [
        132,
        132,
        193
      ],
      1.0,
      "mm"
    ],
    "Rectangle1": [
      "geometry\\Rectangle1.obj",
      [
        143,
        175,
        143
      ],
      0.0,
      "mm"
    ],
    "Rectangle2": [
      "geometry\\Rectangle2.obj",
      [
        143,
        175,
        143
      ],
      0.0,
      "mm"
    ]
  },
  "component_objects": {
    "Rect_UnitCell1_1": [
      [
        0.00275,
        0.002,
        -0.00027850000000000005
      ],
      "Substrate",
      "Patch",
      "Region",
      "Fill",
      "Coating",
      "Port",
      "Rectangle1",
      "Rectangle2"
    ]
  },
  "cell_position": [
    [
      [
        "Rect_UnitCell1_1",
        [
          -0.0,
          -0.0,
          0.0
        ],
        0,
        [
          1,
          1
        ]
      ],
      [
        "Rect_UnitCell1_1",
        [
          -0.0,
          -0.004,
          0.0
        ],
        0,
        [
          1,
          2
        ]
      ]
    ],
    [
      [
        "Rect_UnitCell1_1",
        [
          -0.0055,
          -0.0,
          0.0
        ],
        0,
        [
          2,
          1
        ]
      ],
      [
        "Rect_UnitCell1_1",
        [
          -0.0055,
          -0.004,
          0.0
        ],
        0,
        [
          2,
          2
        ]
      ]
    ]
  ],
  "array_dimension": [
    -0.011,
    -0.008,
    -0.0055,
    -0.004
  ],
  "lattice_vector": [
    -0.0055,
    0.0,
    0.0,
    0.0,
    -0.004,
    5.55111512312578e-20
  ]
}